<?xml version="1.0"?>
<FileChangeHandlers xmlns:xsi="http://www.w3.org/2001/XMLSchema-instance" xmlns:xsd="http://www.w3.org/2001/XMLSchema">
  <FileCreatedHandlers>
    <FileCreatedHandler>
      <Path>C:\folder</Path>
      <FileNameFilter>filecreated.txt</FileNameFilter>
      <Delay>0</Delay>
      <RunProcess>C:\folder\filewascreated.bat</RunProcess>
    </FileCreatedHandler>
  </FileCreatedHandlers>
  <FileModifiedHandlers>
    <FileModifiedHandler>
      <Path>C:\folder</Path>
      <FileNameFilter>filemodified.txt</FileNameFilter>
      <SkipEmptyLines>1</SkipEmptyLines>
      <PatternToMatch>modified now</PatternToMatch>
      <Delay>0</Delay>
      <RunProcess>C:\folder\filewasmodified.bat</RunProcess>
    </FileModifiedHandler>
  </FileModifiedHandlers>
</FileChangeHandlers>